,area,year,active_enterprises,births,birth_rate,deaths,death_rate,1_year_survival_rate,2_year_survival_rate,3_year_survival_rate,4_year_survival_rate,5_year_survival_rate
0,City of London,2004.0,11980,1175,9.8,1160,9.7,91.5,78.3,67.7,59.1,52.8
1,Barking and Dagenham,2004.0,3120,480,15.4,410,13.1,95.8,77.1,60.4,49,38.5
2,Barnet,2004.0,19655,2435,12.4,3015,15.3,93.8,71.7,56.9,47,39.4
3,Bexley,2004.0,6450,940,14.6,800,12.4,94.1,78.2,60.1,50.5,44.1
4,Brent,2004.0,11295,1800,15.9,1745,15.4,92.8,71.7,55.3,45,38.6
5,Bromley,2004.0,11655,1590,13.6,1375,11.8,95.0,79.6,63.8,53.8,46.9
6,Camden,2004.0,22910,2840,12.4,2775,12.1,94.7,77.6,63.7,53.9,47.5
7,Croydon,2004.0,11230,1630,14.5,1580,14.1,93.6,76.1,61.3,50.3,42.9
8,Ealing,2004.0,12830,2115,16.5,1780,13.9,94.1,73.8,57.2,46.3,38.8
9,Enfield,2004.0,9305,1400,15.0,1200,12.9,94.6,77.1,61.1,50,42.9
10,Greenwich,2004.0,5605,975,17.4,745,13.3,94.9,76.9,60.5,48.2,40
11,Hackney,2004.0,9285,1445,15.6,1280,13.8,94.1,76.1,60.6,51.2,44.3
12,Hammersmith and Fulham,2004.0,10745,1865,17.4,1540,14.3,93.3,70.5,52.8,42.4,35.4
13,Haringey,2004.0,8435,1345,15.9,1275,15.1,93.7,73.2,58,49.1,40.9
14,Harrow,2004.0,9965,1370,13.7,1375,13.8,94.9,76.3,61.7,51.5,43.4
15,Havering,2004.0,7570,1055,13.9,920,12.2,94.8,79.6,62.6,52.6,43.6
16,Hillingdon,2004.0,9170,1215,13.2,1130,12.3,94.7,78.2,63.4,53.5,45.7
17,Hounslow,2004.0,8645,1310,15.2,1135,13.1,93.5,76,59.5,48.9,40.5
18,Islington,2004.0,12625,1870,14.8,1685,13.3,93.9,75.1,59.9,49.2,41.7
19,Kensington and Chelsea,2004.0,11675,1660,14.2,1445,12.4,94.0,75.6,62,51.8,45.2
20,Kingston upon Thames,2004.0,6680,880,13.2,885,13.2,94.9,77.3,63.1,51.7,43.2
21,Lambeth,2004.0,9555,1850,19.4,1355,14.2,94.3,74.9,58.4,47,39.2
22,Lewisham,2004.0,6230,1135,18.2,845,13.6,94.3,77.5,58.1,48,41
23,Merton,2004.0,7765,1205,15.5,1135,14.6,94.2,74.7,56.8,45.6,39
24,Newham,2004.0,5160,965,18.7,820,15.9,93.8,71,54.4,43.5,37.3
25,Redbridge,2004.0,8115,1330,16.4,1245,15.3,94.0,73.7,57.9,47,39.1
26,Richmond upon Thames,2004.0,10855,1475,13.6,1220,11.2,95.6,80.7,68.8,58.3,49.5
27,Southwark,2004.0,10730,1945,18.1,1360,12.7,93.6,75.8,59.6,48.8,40.1
28,Sutton,2004.0,6485,855,13.2,780,12.0,94.2,78.9,64.3,53.2,44.4
29,Tower Hamlets,2004.0,9590,1855,19.3,1400,14.6,94.9,76.8,60.6,50.1,41.5
30,Waltham Forest,2004.0,6805,1130,16.6,1065,15.7,92.9,73.5,56.2,46,37.2
31,Wandsworth,2004.0,13255,2630,19.8,1860,14.0,93.3,72.1,55.3,43.9,36.5
32,Westminster,2004.0,43410,5850,13.5,5635,13.0,93.2,75.4,61.5,51,43.2
33,Inner London,2004.0,185585,28430,15.3,24435,13.2,93.7,75.1,59.8,49.4,42
34,Outer London,2004.0,173200,25190,14.5,23540,13.6,94.2,75.9,60.2,49.6,41.9
35,North East,2004.0,56855,7645,13.4,6420,11.3,93.5,76.9,64.4,53.4,45.6
36,North West,2004.0,214085,28845,13.5,24890,11.6,94.1,79.1,66.2,55.3,46.8
37,Yorkshire And The Humber,2004.0,156930,20470,13.0,16945,10.8,94.3,78.4,64.9,54,45.8
38,East Midlands,2004.0,147345,18805,12.8,16175,11.0,94.5,79.8,66.8,56.5,48.6
39,West Midlands,2004.0,180380,23010,12.8,20060,11.1,94.1,78.9,65.8,54.9,47
40,East,2004.0,220265,27600,12.5,23500,10.7,94.3,79.7,67,56.1,48.4
41,London,2004.0,358785,53620,14.9,47975,13.4,94.0,75.5,60,49.5,41.9
42,South East,2004.0,353770,44345,12.5,39280,11.1,94.5,80.2,66.9,56.4,48.7
43,South West,2004.0,196850,24110,12.2,20750,10.5,94.6,81.4,68.9,58.2,50.2
44,England,2004.0,1885265,248450,13.2,215995,11.5,94.2,78.7,65.2,54.5,46.6
45,Wales,2004.0,86210,11525,13.4,8990,10.4,94.1,79.4,67.1,56,47.4
46,Scotland,2004.0,135255,14375,10.6,14720,10.9,94.2,77.8,64.3,55.1,47.5
47,Northern Ireland,2004.0,51825,5730,11.1,3910,7.5,93.4,79.3,67.4,58.8,52.9
48,England And Wales,2004.0,1971475,259975,13.2,224985,11.4,94.2,78.7,65.3,54.6,46.7
49,Great Britain,2004.0,2106730,274350,13.0,239705,11.4,94.2,78.7,65.2,54.6,46.7
50,United Kingdom,2004.0,2158555,280080,13.0,243615,11.3,94.2,78.7,65.3,54.7,46.8
51,City of London,2005.0,11970,1305,10.9,1000,8.4,93.9,81.2,65.1,49,43.3
52,Barking and Dagenham,2005.0,3190,500,15.7,395,12.4,95.0,77,57,45,33.9
53,Barnet,2005.0,19095,2425,12.7,2675,14.0,95.3,77.7,60.8,51.1,42.4
54,Bexley,2005.0,6560,900,13.7,755,11.5,95.0,78.3,64.4,54.4,45.4
55,Brent,2005.0,11250,1740,15.5,1500,13.3,93.7,75.6,60.1,50.6,40
56,Bromley,2005.0,11755,1500,12.8,1305,11.1,95.0,79.3,64.3,53,42.4
57,Camden,2005.0,22675,2570,11.3,2370,10.5,94.2,77.4,63.2,52.3,43.1
58,Croydon,2005.0,11130,1525,13.7,1335,12.0,94.4,77.4,60,49.8,42.1
59,Ealing,2005.0,12915,1885,14.6,1640,12.7,96.0,77.2,59.4,47.5,37.3
60,Enfield,2005.0,9455,1380,14.6,1135,12.0,96.0,80.1,63.8,54.3,39
61,Greenwich,2005.0,5855,1000,17.1,720,12.3,95.5,79.5,62.5,50.5,40.6
62,Hackney,2005.0,9340,1360,14.6,1115,11.9,94.5,79.4,62.9,51.1,42.5
63,Hammersmith and Fulham,2005.0,10855,1745,16.1,1485,13.7,93.7,73.6,56.2,44.4,34.7
64,Haringey,2005.0,8405,1285,15.3,1120,13.3,94.6,73.2,57.2,47.1,38.1
65,Harrow,2005.0,9890,1325,13.4,1190,12.0,95.1,80,63.4,52.1,41.3
66,Havering,2005.0,7530,895,11.9,815,10.8,95.5,81,65.4,55.3,43.9
67,Hillingdon,2005.0,9110,1105,12.1,1060,11.6,93.7,78.3,63.8,52.5,41.9
68,Hounslow,2005.0,8795,1325,15.1,975,11.1,95.1,79.6,60,49.8,40.9
69,Islington,2005.0,12815,1890,14.7,1480,11.5,95.0,79.4,64.6,53.2,39.5
70,Kensington and Chelsea,2005.0,11665,1490,12.8,1320,11.3,93.6,79.2,64.4,52.7,42.8
71,Kingston upon Thames,2005.0,6660,865,13.0,765,11.5,96.0,82.7,64.7,53.8,41.9
72,Lambeth,2005.0,9710,1580,16.3,1235,12.7,94.6,76.3,60.1,49.4,39
73,Lewisham,2005.0,6430,1070,16.6,775,12.1,93.9,76.2,58.9,47.2,37.8
74,Merton,2005.0,7805,1200,15.4,1025,13.1,95.0,75.8,58.3,46.7,36.7
75,Newham,2005.0,5215,1950,37.4,785,15.1,97.2,88.2,51.3,21.5,16.6
76,Redbridge,2005.0,8075,1225,15.2,1110,13.7,93.5,75.5,58,48.6,37.7
77,Richmond upon Thames,2005.0,10940,1345,12.3,1175,10.7,95.2,82.9,67.7,56.9,45.9
78,Southwark,2005.0,11080,1760,15.9,1330,12.0,95.2,80.4,63.4,52.6,41.8
79,Sutton,2005.0,6485,795,12.3,730,11.3,94.3,81.8,67.3,57.9,46.9
80,Tower Hamlets,2005.0,9815,1705,17.4,1275,13.0,94.4,78.3,61.6,49.6,35.8
81,Waltham Forest,2005.0,6850,1110,16.2,1005,14.7,93.2,74.3,57.2,45.9,35.6
82,Wandsworth,2005.0,13570,2230,16.4,1865,13.7,93.9,75.1,57.2,46.4,37.3
83,Westminster,2005.0,42875,5300,12.4,5455,12.7,94.2,77.2,62.2,51.8,43.1
84,Inner London,2005.0,186420,27240,14.6,22610,12.1,94.5,78.2,60.7,48.1,38.7
85,Outer London,2005.0,173345,24045,13.9,21310,12.3,94.9,78.4,61.8,51.2,40.8
86,North East,2005.0,57905,7655,13.2,6130,10.6,93.6,79.2,63.4,51.9,43.2
87,North West,2005.0,217810,29220,13.4,22650,10.4,94.6,80.3,64.8,53.7,43.2
88,Yorkshire And The Humber,2005.0,159600,19930,12.5,17110,10.7,93.1,77.9,62.5,51.8,43
89,East Midlands,2005.0,149980,19140,12.8,15545,10.4,94.1,79.9,65.4,54.9,45.2
90,West Midlands,2005.0,182995,23115,12.6,19205,10.5,94.4,80.2,64.6,54,44.2
91,East,2005.0,222500,26195,11.8,22280,10.0,94.1,80.5,66,55.4,46.1
92,London,2005.0,359765,51285,14.3,43920,12.2,94.7,78.3,61.2,49.6,39.7
93,South East,2005.0,355905,42555,12.0,36345,10.2,94.7,81.7,67.4,56.4,46.8
94,South West,2005.0,198030,22315,11.3,19025,9.6,94.5,80.9,66.8,57.1,48.1
95,England,2005.0,1904490,241410,12.7,202210,10.6,94.3,79.9,64.6,53.7,44.1
96,Wales,2005.0,87780,10875,12.4,8710,9.9,94.1,79.7,64.4,53.6,44.4
97,Scotland,2005.0,136985,16935,12.4,13660,10.0,93.4,77.4,64,53.9,45.6
98,Northern Ireland,2005.0,53495,5635,10.5,3575,6.7,94.5,81.9,71.1,62.5,54
99,England And Wales,2005.0,1992270,252285,12.7,210920,10.6,94.3,79.9,64.6,53.7,44.1
100,Great Britain,2005.0,2129255,269220,12.6,224580,10.5,94.3,79.8,64.6,53.7,44.2
101,United Kingdom,2005.0,2182750,274855,12.6,228155,10.5,94.3,79.8,64.7,53.9,44.4
102,City of London,2006.0,12240,1225,10.0,940,7.7,95.5,82,70.2,57.1,50.2
103,Barking and Dagenham,2006.0,3280,485,14.8,345,10.5,95.9,80.4,62.9,47.5,39.2
104,Barnet,2006.0,18565,2150,11.6,2315,12.5,95.3,76.7,62.3,50.6,42.1
105,Bexley,2006.0,6710,895,13.3,730,10.9,97.2,83.2,69.3,54.9,45.8
106,Brent,2006.0,11330,1565,13.8,1330,11.7,95.5,77,59.7,46.1,38
107,Bromley,2006.0,11960,1515,12.7,1205,10.1,95.4,81.8,68,53.7,44.9
108,Camden,2006.0,22750,2485,10.9,2130,9.4,96.0,78.5,63.2,50.1,42.7
109,Croydon,2006.0,11385,1580,13.9,1265,11.1,94.3,75,60.4,47.3,38.6
110,Ealing,2006.0,13060,1775,13.6,1445,11.1,96.3,78.9,62.5,48.1,40.8
111,Enfield,2006.0,9715,1385,14.3,1140,11.7,95.3,78.3,64.6,47.8,39.7
112,Greenwich,2006.0,6075,940,15.5,695,11.4,94.1,78.7,61.7,47.6,39.9
113,Hackney,2006.0,9580,1330,13.9,945,9.9,95.5,78.6,64.7,50.5,43.2
114,Hammersmith and Fulham,2006.0,10880,1470,13.5,1355,12.5,95.2,75.9,60.9,46.8,37.1
115,Haringey,2006.0,8420,1130,13.4,1000,11.9,95.6,77,61.1,48.4,41.6
116,Harrow,2006.0,9910,1200,12.1,1075,10.8,97.1,80.4,65.4,51.6,45
117,Havering,2006.0,7605,885,11.6,830,10.9,96.0,81.4,68.9,53.8,44.1
118,Hillingdon,2006.0,9230,1165,12.6,925,10.0,96.6,79.8,63.9,50.4,42.1
119,Hounslow,2006.0,9010,1175,13.0,950,10.5,95.3,80.4,64.7,51.4,40.9
120,Islington,2006.0,12645,1640,13.0,1280,10.1,96.3,78.7,65.9,53.2,44.8
121,Kensington and Chelsea,2006.0,11800,1445,12.2,1045,8.9,97.2,81.3,67.1,54.9,45.3
122,Kingston upon Thames,2006.0,6740,850,12.6,655,9.7,97.6,81.8,65.3,54.1,45.9
123,Lambeth,2006.0,10005,1520,15.2,1125,11.2,96.4,77.6,62.2,47.1,39.1
124,Lewisham,2006.0,6720,1065,15.8,830,12.4,96.2,78.9,64.3,49.8,41.3
125,Merton,2006.0,7970,1240,15.6,995,12.5,94.8,76.6,61.3,46.8,39.5
126,Newham,2006.0,5340,900,16.9,625,11.7,96.7,75.6,57.2,43.5,35
127,Redbridge,2006.0,8275,1310,15.8,1010,12.2,95.4,74.4,57.6,42.8,34.4
128,Richmond upon Thames,2006.0,11060,1280,11.6,995,9.0,96.9,81.3,65.6,52.7,45.3
129,Southwark,2006.0,11535,1775,15.4,1245,10.8,96.3,79.4,62.8,48.1,40.6
130,Sutton,2006.0,6555,810,12.4,660,10.1,96.9,82.1,67.9,55.6,48.8
131,Tower Hamlets,2006.0,10120,1585,15.7,1185,11.7,96.5,78.9,63.1,49.3,41
132,Waltham Forest,2006.0,7000,1155,16.5,905,12.9,96.1,77.5,61.5,41.8,33.3
133,Wandsworth,2006.0,13705,1995,14.6,1650,12.0,96.0,78.7,62.9,48.4,40.4
134,Westminster,2006.0,42455,4965,11.7,4110,9.7,95.9,79.2,65.3,51.9,44.7
135,Inner London,2006.0,188195,24530,13.0,19465,10.3,96.1,78.7,63.9,50.3,42.4
136,Outer London,2006.0,175435,23360,13.3,19470,11.1,95.8,78.9,63.5,49.4,41.2
137,North East,2006.0,58835,7090,12.1,5495,9.3,96.7,80.1,64.5,52.1,43.6
138,North West,2006.0,222510,27265,12.3,20970,9.4,96.6,80.1,65.2,51.4,43
139,Yorkshire And The Humber,2006.0,160755,18555,11.5,15435,9.6,96.4,79.6,64.1,51.2,42.9
140,East Midlands,2006.0,151960,17715,11.7,13885,9.1,96.7,81.2,67,53.3,45
141,West Midlands,2006.0,184580,21025,11.4,17105,9.3,96.6,80.8,66.6,53.1,44.7
142,East,2006.0,225140,25055,11.1,20500,9.1,96.1,81.1,66.5,54.1,45.9
143,London,2006.0,363630,47890,13.2,38935,10.7,95.9,78.8,63.7,49.9,41.8
144,South East,2006.0,357215,39195,11.0,32660,9.1,97.0,82.7,68.8,56.3,47.8
145,South West,2006.0,199860,21330,10.7,17815,8.9,96.8,82.3,69,56.6,48.9
146,England,2006.0,1924485,225120,11.7,182800,9.5,96.5,80.7,66.2,53,44.8
147,Wales,2006.0,88800,9760,11.0,7955,9.0,96.5,80.5,65.3,52.5,44.3
148,Scotland,2006.0,138560,15070,10.9,12595,9.1,96.5,80.3,65.7,54.4,46.3
149,Northern Ireland,2006.0,55445,5580,10.1,3775,6.8,95.5,81,70.3,59.9,50.5
150,England And Wales,2006.0,2013285,234880,11.7,190755,9.5,96.5,80.7,66.2,53,44.8
151,Great Britain,2006.0,2151845,249950,11.6,203350,9.5,96.5,80.7,66.1,53.1,44.9
152,United Kingdom,2006.0,2207290,255530,11.6,207125,9.4,96.5,80.7,66.2,53.2,45
153,City of London,2007.0,12615,1305,10.3,1705,13.5,96.6,82.8,66,55.9,49.8
154,Barking and Dagenham,2007.0,3455,510,14.8,360,10.4,99.0,79.4,56.5,44.1,38.2
155,Barnet,2007.0,18555,2305,12.4,2650,14.3,99.8,82,59.7,49.2,42.5
156,Bexley,2007.0,6835,870,12.7,695,10.2,96.0,79.3,61.6,49.4,43.1
157,Brent,2007.0,11750,1750,14.9,1360,11.6,94.9,76,55.5,47.1,39.7
158,Bromley,2007.0,12430,1750,14.1,1200,9.7,94.6,82.6,61.4,50.6,43.7
159,Camden,2007.0,23335,2745,11.8,2655,11.4,98.5,82.5,62.9,50.8,43.4
160,Croydon,2007.0,11715,1595,13.6,1355,11.6,95.0,80.3,60.5,48.9,41.4
161,Ealing,2007.0,13640,2035,14.9,1460,10.7,90.2,75.2,55.4,45.2,38.6
162,Enfield,2007.0,9860,1285,13.0,1215,12.3,96.1,77.8,58.7,49,41.6
163,Greenwich,2007.0,6370,995,15.6,685,10.8,93.5,77.9,58.1,46.7,39.7
164,Hackney,2007.0,10160,1520,15.0,1105,10.9,95.7,81.3,61.9,51,46.1
165,Hammersmith and Fulham,2007.0,11335,1785,15.7,1370,12.1,92.7,75.6,54.7,44.3,38.1
166,Haringey,2007.0,8690,1270,14.6,1090,12.5,97.2,80.3,61.9,51.6,44.9
167,Harrow,2007.0,10140,1310,12.9,1145,11.3,100.0,84.4,65.2,54.6,46.2
168,Havering,2007.0,7760,990,12.8,790,10.2,94.9,78.8,59.5,49.5,40.9
169,Hillingdon,2007.0,9525,1220,12.8,990,10.4,97.5,82.8,63.2,52.5,47.1
170,Hounslow,2007.0,9420,1360,14.4,970,10.3,95.6,80.9,59.2,48.2,42.3
171,Islington,2007.0,13140,1800,13.7,1450,11.0,96.4,80.6,62.9,51.4,45
172,Kensington and Chelsea,2007.0,12325,1585,12.9,1235,10.0,92.4,78.2,59.7,49.5,42.3
173,Kingston upon Thames,2007.0,7125,1025,14.4,790,11.1,97.6,85.4,65,51.7,45.4
174,Lambeth,2007.0,10830,1930,17.8,1175,10.8,93.5,79,57.8,46.6,39.6
175,Lewisham,2007.0,7120,1230,17.3,800,11.2,93.1,79.7,58.3,48,41.1
176,Merton,2007.0,8310,1330,16.0,930,11.2,95.1,78.6,61.4,48.9,42.1
177,Newham,2007.0,5635,940,16.7,695,12.3,92.6,73.4,53.8,43.1,36.2
178,Redbridge,2007.0,8615,1350,15.7,1260,14.6,97.4,79.3,57.9,47.8,41.1
179,Richmond upon Thames,2007.0,11630,1560,13.4,1125,9.7,95.2,81.7,64.5,53.8,46.5
180,Southwark,2007.0,12265,1960,16.0,1330,10.8,93.1,77.8,58.6,47.4,39.3
181,Sutton,2007.0,6770,870,12.9,660,9.7,97.7,82.2,64.4,53.4,46.6
182,Tower Hamlets,2007.0,10670,1695,15.9,1265,11.9,92.9,76.4,57.2,46.3,39.5
183,Waltham Forest,2007.0,7120,1020,14.3,900,12.6,95.1,76,56.4,45.6,38.2
184,Wandsworth,2007.0,14615,2550,17.4,1590,10.9,95.3,78.6,56.5,43.7,35.7
185,Westminster,2007.0,43975,5675,12.9,5465,12.4,91.7,76.2,57.4,46.9,40.4
186,Inner London,2007.0,196710,27990,14.2,22930,11.7,94.2,78.5,59,48,41.2
187,Outer London,2007.0,181025,25130,13.9,20540,11.3,95.9,80,60.1,49.3,42.4
188,North East,2007.0,62100,8795,14.2,5910,9.5,94.5,80.1,62.3,51.1,43.7
189,North West,2007.0,231680,30195,13.0,23485,10.1,95.6,81.9,62.7,51.5,43.6
190,Yorkshire And The Humber,2007.0,165605,20385,12.3,16785,10.1,94.5,78.2,60.1,49.1,41.9
191,East Midlands,2007.0,156650,18610,11.9,14730,9.4,96.0,81.9,64.4,52.9,45.4
192,West Midlands,2007.0,190160,22805,12.0,18980,10.0,95.2,81.7,62.3,51.1,43.3
193,East,2007.0,232185,27600,11.9,22065,9.5,95.7,81.6,63.8,53.1,45.7
194,London,2007.0,377735,53120,14.1,43470,11.5,95.0,79.2,59.5,48.6,41.7
195,South East,2007.0,366680,42320,11.5,35090,9.6,96.3,83.8,66.1,55.1,47.3
196,South West,2007.0,204795,22870,11.2,18785,9.2,95.5,82.6,65.9,55.3,48.1
197,England,2007.0,1987590,246700,12.4,199300,10.0,95.5,81.3,62.9,51.9,44.4
198,Wales,2007.0,90760,9905,10.9,8520,9.4,94.6,80.1,61.9,50.7,43.6
199,Scotland,2007.0,144205,18165,12.6,12020,8.3,96.1,81.6,65.5,54.7,47.4
200,Northern Ireland,2007.0,57660,5960,10.3,3760,6.5,94.6,77,62.7,51.3,44
201,England And Wales,2007.0,2078350,256605,12.3,207820,10.0,95.4,81.3,62.9,51.8,44.4
202,Great Britain,2007.0,2222555,274770,12.4,219840,9.9,95.5,81.3,63,52,44.6
203,United Kingdom,2007.0,2280215,280730,12.3,223600,9.8,95.5,81.2,63,52,44.6
204,City of London,2008.0,13800,2005,14.5,1095,7.9,63.6,52.8,43.6,38.4,33.2
205,Barking and Dagenham,2008.0,3740,720,19.3,420,11.2,93.8,67.7,49.3,41.7,34.7
206,Barnet,2008.0,19360,2610,13.5,2345,12.1,87.9,68,53.4,46.2,39.5
207,Bexley,2008.0,6920,795,11.5,740,10.7,95.0,74.5,59.1,51.6,43.4
208,Brent,2008.0,12245,1950,15.9,1350,11.0,91.8,70.9,54.1,45.4,37.9
209,Bromley,2008.0,12790,1540,12.0,1235,9.7,93.8,68.6,52.9,45.5,39.6
210,Camden,2008.0,24375,3035,12.5,2205,9.0,85.3,67.9,53,44.2,38.1
211,Croydon,2008.0,11930,1575,13.2,1245,10.4,91.7,72.8,55.2,47,40
212,Ealing,2008.0,13885,2155,15.5,1500,10.8,91.4,71.1,54.5,45.2,38.5
213,Enfield,2008.0,10195,1425,14.0,1115,10.9,93.7,73,54.2,45.8,38.1
214,Greenwich,2008.0,6570,1045,15.9,740,11.3,92.8,68.5,50.7,43.1,35.9
215,Hackney,2008.0,10765,1740,16.2,985,9.2,91.7,68.8,53.2,44,37.1
216,Hammersmith and Fulham,2008.0,11750,1960,16.7,1345,11.4,87.0,64.2,49,40.3,33.9
217,Haringey,2008.0,9075,1425,15.7,955,10.5,92.3,69.8,52.3,44.2,38.2
218,Harrow,2008.0,10570,1435,13.6,1250,11.8,92.3,73.7,58.9,49.8,42.2
219,Havering,2008.0,7975,1090,13.7,800,10.0,92.7,72.7,53.9,44.7,35.5
220,Hillingdon,2008.0,9865,1395,14.1,1000,10.1,92.5,75.2,59.9,52,43.4
221,Hounslow,2008.0,9775,1510,15.4,960,9.8,92.4,73.5,55,45.7,38.1
222,Islington,2008.0,13550,1940,14.3,1295,9.6,87.6,68.2,53.6,44.1,36.6
223,Kensington and Chelsea,2008.0,12375,1645,13.3,1140,9.2,89.4,70.2,53.8,45.9,38
224,Kingston upon Thames,2008.0,7405,1025,13.8,750,10.1,92.2,71.6,57.6,48.8,40.5
225,Lambeth,2008.0,11305,1855,16.4,1210,10.7,88.9,68.6,50.4,41.8,34.8
226,Lewisham,2008.0,7470,1290,17.3,750,10.0,93.0,70,51.2,42.2,34.9
227,Merton,2008.0,8670,1370,15.8,950,11.0,91.6,72.9,56.6,47.4,39.4
228,Newham,2008.0,5935,1180,19.9,730,12.3,92.8,62.6,44.9,36.9,29.2
229,Redbridge,2008.0,8970,1420,15.8,1155,12.9,93.0,70.6,51.8,44,36.3
230,Richmond upon Thames,2008.0,12040,1560,13.0,1160,9.6,92.6,76.6,60.9,51.6,43.9
231,Southwark,2008.0,12845,2025,15.8,1315,10.2,88.4,66.5,48.9,40,33.6
232,Sutton,2008.0,6905,780,11.3,715,10.4,91.7,74.2,59,51.3,41.7
233,Tower Hamlets,2008.0,11490,2045,17.8,1260,11.0,86.3,66.3,49.9,42.5,35
234,Waltham Forest,2008.0,7180,1095,15.3,930,13.0,91.3,70.9,53.9,44.7,38.4
235,Wandsworth,2008.0,15230,2570,16.9,1625,10.7,89.3,70,53.3,43.8,35.6
236,Westminster,2008.0,45965,6745,14.7,4425,9.6,80.7,63.6,49.1,41.1,34.7
237,Inner London,2008.0,205930,31460,15.3,20335,9.9,85.5,66,50.4,42.1,35.3
238,Outer London,2008.0,186990,26495,14.2,20360,10.9,92.0,71.8,55.2,46.8,39.3
239,North East,2008.0,63450,7675,12.1,6335,10.0,93.4,75.7,59.6,49.5,41
240,North West,2008.0,235315,27465,11.7,23610,10.0,93.8,74.7,57.8,48.2,40.3
241,Yorkshire And The Humber,2008.0,167170,18670,11.2,17330,10.4,90.7,73.1,56.7,48,40.6
242,East Midlands,2008.0,158365,16785,10.6,14935,9.4,93.8,76.1,59.7,50.3,43
243,West Midlands,2008.0,191490,20585,10.7,18080,9.4,93.7,75.8,58.6,49.2,41.2
244,East,2008.0,236355,25975,11.0,23515,9.9,93.0,75.2,59.7,50.4,42.4
245,London,2008.0,392920,57955,14.7,40695,10.4,88.5,68.6,52.6,44.2,37.1
246,South East,2008.0,372810,40365,10.8,33790,9.1,93.2,76.5,61.4,52.1,44.3
247,South West,2008.0,207115,20870,10.1,18405,8.9,94.2,77.3,62.3,53.1,45.6
248,England,2008.0,2024990,236345,11.7,196695,9.7,92.1,73.9,57.9,48.8,41.2
249,Wales,2008.0,91740,9220,10.1,8690,9.5,94.3,76.5,60,50.5,42.5
250,Scotland,2008.0,149010,16225,10.9,12995,8.7,93.3,77.1,61.2,51.8,43.6
251,Northern Ireland,2008.0,60030,5655,9.4,4180,7.0,81.4,63.4,50.5,42.4,35.5
252,England And Wales,2008.0,2116730,245565,11.6,205385,9.7,92.2,74,58,48.9,41.3
253,Great Britain,2008.0,2265740,261790,11.6,218380,9.6,92.2,74.2,58.2,49.1,41.4
254,United Kingdom,2008.0,2325770,267445,11.5,222560,9.6,92.0,74,58,48.9,41.3
255,City of London,2009.0,14895,1790,12.0,1365,9.2,72.1,59.2,49.7,41.6,36.3
256,Barking and Dagenham,2009.0,3895,615,15.8,575,14.8,91.1,67.5,52,39.8,33.3
257,Barnet,2009.0,19920,2410,12.1,2980,15.0,85.7,67.8,53.1,45,37.6
258,Bexley,2009.0,6900,720,10.4,875,12.7,93.8,76.4,63.2,51.4,43.8
259,Brent,2009.0,12475,1685,13.5,1800,14.4,91.4,70.9,56.1,45.1,37.4
260,Bromley,2009.0,12880,1320,10.2,1740,13.5,90.5,73.9,59.8,49.2,41.7
261,Camden,2009.0,25175,2735,10.9,3040,12.1,83.4,67.8,54.5,44.8,38.6
262,Croydon,2009.0,12090,1400,11.6,1630,13.5,90.4,72.9,58.6,47.1,39.3
263,Ealing,2009.0,14150,1940,13.7,1935,13.7,92.3,72.2,58.2,48.5,40.2
264,Enfield,2009.0,10490,1310,12.5,1575,15.0,90.5,70.2,55.7,43.9,37.4
265,Greenwich,2009.0,6695,920,13.7,970,14.5,93.5,75.5,59.2,48.9,40.8
266,Hackney,2009.0,11230,1510,13.4,1535,13.7,91.4,74.2,61.3,50.7,43
267,Hammersmith and Fulham,2009.0,11850,1560,13.2,1755,14.8,89.4,69.6,53.8,42.3,36.5
268,Haringey,2009.0,9315,1275,13.7,1245,13.4,91.0,71.8,56.1,46.3,39.6
269,Harrow,2009.0,11050,1455,13.2,1515,13.7,90.7,72.2,58.1,48.1,41.9
270,Havering,2009.0,8100,955,11.8,1065,13.1,93.2,73.3,59.2,47.6,38.7
271,Hillingdon,2009.0,10090,1230,12.2,1295,12.8,91.5,74.8,58.5,47.6,39.8
272,Hounslow,2009.0,10090,1310,13.0,1320,13.1,91.6,72.9,57.6,47.3,39.7
273,Islington,2009.0,14010,1665,11.9,1720,12.3,88.3,70.6,56.5,46.5,40.5
274,Kensington and Chelsea,2009.0,12335,1450,11.8,1415,11.5,89.7,71.4,57.6,47.6,40.3
275,Kingston upon Thames,2009.0,7620,905,11.9,995,13.1,93.4,78.5,65.2,50.3,42
276,Lambeth,2009.0,11360,1445,12.7,1695,14.9,93.1,72.7,58.1,46,38.8
277,Lewisham,2009.0,7635,1030,13.5,1130,14.8,92.2,71.8,56.3,46.1,38.3
278,Merton,2009.0,8800,1085,12.3,1220,13.9,92.6,74.7,57.6,45.6,37.3
279,Newham,2009.0,6160,1070,17.4,1015,16.5,93.5,70.6,53.7,42.1,35
280,Redbridge,2009.0,9435,1485,15.7,1450,15.4,86.9,69.7,53.9,43.1,36.4
281,Richmond upon Thames,2009.0,12170,1400,11.5,1380,11.3,93.2,76.8,63.6,52.9,44.6
282,Southwark,2009.0,13240,1690,12.8,1930,14.6,88.5,71,56.2,45.9,38.2
283,Sutton,2009.0,6915,715,10.3,840,12.1,92.3,76.9,60.8,49.7,44.1
284,Tower Hamlets,2009.0,11880,1740,14.6,1740,14.6,87.4,69.3,55.7,44.5,36.2
285,Waltham Forest,2009.0,7185,975,13.6,1070,14.9,94.4,72.8,54.9,43.1,37.9
286,Wandsworth,2009.0,15270,2000,13.1,2270,14.9,93.3,75.5,61.3,48,40.8
287,Westminster,2009.0,47010,5780,12.3,6045,12.9,78.2,62.5,49.9,41.1,34.8
288,Inner London,2009.0,211365,26740,12.7,27900,13.2,85.9,68.5,54.8,44.6,37.8
289,Outer London,2009.0,190950,23835,12.5,26230,13.7,91.0,72.7,57.8,47,39.5
290,North East,2009.0,63660,6625,10.4,7460,11.7,92.2,73.4,58.9,47.7,40.2
291,North West,2009.0,236095,23920,10.1,30125,12.8,91.6,74.3,59.4,47.8,40.5
292,Yorkshire And The Humber,2009.0,166825,17005,10.2,20230,12.1,89.6,72.2,58.2,48,41.2
293,East Midlands,2009.0,158120,14860,9.4,18620,11.8,92.1,75,60.6,50.2,43.1
294,West Midlands,2009.0,191550,18245,9.5,23130,12.1,91.6,73.6,59.2,48.7,41.5
295,East,2009.0,238930,23535,9.9,28475,11.9,92.5,76.6,62.2,51.3,44.3
296,London,2009.0,402315,50575,12.6,54130,13.5,88.3,70.5,56.2,45.7,38.6
297,South East,2009.0,375595,36320,9.7,42550,11.3,91.6,75.7,61.9,51.2,43.8
298,South West,2009.0,207060,17950,8.7,22430,10.8,92.6,76.7,63.2,52.4,45
299,England,2009.0,2040150,209035,10.2,247150,12.1,90.9,73.9,59.7,48.9,41.8
300,Wales,2009.0,91125,8325,9.1,10030,11.0,92.1,73.9,58.8,47.9,40.8
301,Scotland,2009.0,150925,14725,9.8,15085,10.0,90.8,74.4,60.1,48.8,42.1
302,Northern Ireland,2009.0,59700,3945,6.6,5170,8.7,85.3,67,55.3,46.5,39.7
303,England And Wales,2009.0,2131275,217360,10.2,257180,12.1,90.9,73.9,59.7,48.9,41.7
304,Great Britain,2009.0,2282200,232085,10.2,272265,11.9,90.9,73.9,59.7,48.9,41.8
305,United Kingdom,2009.0,2341900,236030,10.1,277435,11.8,90.8,73.8,59.6,48.9,41.7
306,City of London,2010.0,15830,1730,10.9,1435,9.1,73.7,62.7,52,44.2,39.3
307,Barking and Dagenham,2010.0,4190,635,15.2,585,14.0,88.2,70.9,52.8,41.7,36.2
308,Barnet,2010.0,20665,2440,11.8,2795,13.5,81.8,66.6,51.4,43.2,36.7
309,Bexley,2010.0,7165,840,11.7,845,11.8,85.7,71.4,55.4,45.8,39.3
310,Brent,2010.0,12595,1630,12.9,1405,11.2,87.7,71.5,54.6,46.3,39.9
311,Bromley,2010.0,12965,1475,11.4,1410,10.9,88.1,75.9,60,50.5,44.1
312,Camden,2010.0,25380,2930,11.5,2640,10.4,81.1,67.6,54.1,44.7,38.6
313,Croydon,2010.0,12560,1495,11.9,1495,11.9,86.6,72.2,53.2,44.1,38.1
314,Ealing,2010.0,14240,1715,12.0,1605,11.3,86.9,70.8,54.8,45.5,39.4
315,Enfield,2010.0,10920,1390,12.7,1430,13.1,83.8,69.4,52.5,44.6,38.1
316,Greenwich,2010.0,7160,1060,14.8,895,12.5,87.7,72.2,56.1,46.2,39.6
317,Hackney,2010.0,11700,1570,13.4,1230,10.5,85.7,70.4,55.4,46.8,40.8
318,Hammersmith and Fulham,2010.0,11865,1640,13.8,1405,11.8,84.1,69.2,53.4,43.6,36.6
319,Haringey,2010.0,9825,1325,13.5,1145,11.7,86.8,70.9,54.3,46.8,40.4
320,Harrow,2010.0,11645,1470,12.6,1365,11.7,86.4,71.8,56.8,49.3,42.5
321,Havering,2010.0,8155,890,10.9,975,12.0,88.2,72.5,57.3,48.3,41
322,Hillingdon,2010.0,10235,1190,11.6,1125,11.0,89.5,73.9,58,50.4,43.7
323,Hounslow,2010.0,10320,1415,13.7,1210,11.7,89.8,76,60.1,50.2,43.5
324,Islington,2010.0,14095,1730,12.3,1655,11.7,85.5,72,55.2,46.5,39
325,Kensington and Chelsea,2010.0,12365,1620,13.1,1285,10.4,83.3,69.4,54,44.4,38.9
326,Kingston upon Thames,2010.0,7725,885,11.5,915,11.8,85.3,72.3,57.6,48,41.2
327,Lambeth,2010.0,11315,1555,13.7,1375,12.2,88.1,74.3,57.2,48.9,42.1
328,Lewisham,2010.0,7795,985,12.6,1005,12.9,88.8,71.1,55.3,46.2,39.6
329,Merton,2010.0,9040,1215,13.4,1050,11.6,88.1,73.7,58.4,49,42
330,Newham,2010.0,6900,1215,17.6,1005,14.6,84.8,65.8,48.1,39.5,33.3
331,Redbridge,2010.0,10095,1525,15.1,1365,13.5,86.2,69.8,52.8,43.3,36.4
332,Richmond upon Thames,2010.0,12360,1400,11.3,1230,10.0,88.6,77.1,61.8,52.9,45.7
333,Southwark,2010.0,14165,1770,12.5,1520,10.7,86.2,71.8,55.1,45.8,39.8
334,Sutton,2010.0,7230,780,10.8,775,10.7,87.2,73.1,59.6,50.6,44.9
335,Tower Hamlets,2010.0,12400,1960,15.8,1540,12.4,81.4,67.9,52.6,43.6,36.5
336,Waltham Forest,2010.0,7720,1075,13.9,1060,13.7,84.2,68.4,51.2,43.7,37.2
337,Wandsworth,2010.0,15175,2125,14.0,1840,12.1,89.6,74.8,58.6,47.1,39.8
338,Westminster,2010.0,47465,6075,12.8,5185,10.9,77.9,64.7,52,43.2,37
339,Inner London,2010.0,216275,28230,13.1,24265,11.2,82.8,68.7,53.9,44.8,38.4
340,Outer London,2010.0,196985,24525,12.5,23535,11.9,86.6,71.9,55.8,46.9,40.3
341,North East,2010.0,63515,5975,9.4,6925,10.9,88.3,73.7,57.3,47.2,40.7
342,North West,2010.0,233735,22705,9.7,26135,11.2,87.4,71.9,55.7,46.6,39.9
343,Yorkshire And The Humber,2010.0,167235,16630,9.9,18535,11.1,85.7,70.9,55.7,46.9,40.8
344,East Midlands,2010.0,157030,14325,9.1,16645,10.6,88.3,74,57.7,48.8,41.9
345,West Midlands,2010.0,189980,17805,9.4,20820,11.0,87.1,72.3,57.1,48.2,41.3
346,East,2010.0,237400,22580,9.5,24030,10.1,87.8,73.9,58.7,49.8,43.1
347,London,2010.0,413260,52755,12.8,47800,11.6,84.6,70.2,54.8,45.8,39.3
348,South East,2010.0,377315,36910,9.8,38285,10.1,87.9,74.5,59.5,50.3,43.4
349,South West,2010.0,206840,17835,8.6,19855,9.6,88.1,74.2,59.9,51,44.2
350,England,2010.0,2046310,207520,10.1,219030,10.7,86.8,72.5,57.1,48.1,41.4
351,Wales,2010.0,90435,7505,8.3,9190,10.2,86.7,72.2,56.4,47.4,40.7
352,Scotland,2010.0,155695,15530,10.0,15185,9.8,85.5,72.5,57.1,48.3,41.4
353,Northern Ireland,2010.0,58985,4590,7.8,5190,8.8,86.9,72,55.6,46.6,40.4
354,England And Wales,2010.0,2136745,215025,10.1,228220,10.7,86.8,72.5,57.1,48.1,41.4
355,Great Britain,2010.0,2292440,230555,10.1,243405,10.6,86.7,72.5,57.1,48.1,41.4
356,United Kingdom,2010.0,2351425,235145,10.0,248595,10.6,86.7,72.5,57.1,48.1,41.4
357,City of London,2011.0,16250,1780,11.0,1590,9.8,80.1,63.8,52,45.2,38.2
358,Barking and Dagenham,2011.0,4280,835,19.5,455,10.6,94.0,72.5,54.5,44.9,38.3
359,Barnet,2011.0,21205,2835,13.4,2650,12.5,91.0,72.1,57.7,48.9,41.3
360,Bexley,2011.0,7245,945,13.0,715,9.9,93.7,76.7,58.7,49.7,43.9
361,Brent,2011.0,12835,1915,14.9,1345,10.5,94.3,73.9,56.7,47,40.7
362,Bromley,2011.0,13080,1580,12.1,1250,9.6,93.0,76.6,62.7,53.8,46.5
363,Camden,2011.0,25930,3200,12.3,2445,9.4,90.2,71.4,57.3,48.3,41.9
364,Croydon,2011.0,12700,1755,13.8,1370,10.8,93.7,74.9,60.1,51.3,44.2
365,Ealing,2011.0,14570,2210,15.2,1455,10.0,95.2,76.7,57.5,47.7,41
366,Enfield,2011.0,10980,1530,13.9,1285,11.7,91.2,71.2,56.5,47.7,41.2
367,Greenwich,2011.0,7290,1215,16.7,775,10.6,94.2,73.3,56.8,47.3,41.2
368,Hackney,2011.0,12150,1970,16.2,1075,8.8,92.6,75.4,60.9,51,43.1
369,Hammersmith and Fulham,2011.0,11915,1830,15.4,1250,10.5,92.6,73,56,46.2,39.1
370,Haringey,2011.0,10005,1570,15.7,1020,10.2,93.9,73.6,58.3,49.4,42
371,Harrow,2011.0,11905,1605,13.5,1295,10.9,94.4,75.1,59.2,50.2,43.3
372,Havering,2011.0,8170,1005,12.3,845,10.3,94.0,75.1,58.7,48.8,42.8
373,Hillingdon,2011.0,10525,1520,14.4,1030,9.8,95.1,76.6,60.9,50.7,45.4
374,Hounslow,2011.0,10895,1885,17.3,1000,9.2,95.0,75.9,59.9,50.4,43.2
375,Islington,2011.0,14395,2180,15.1,1385,9.6,92.4,75.5,61.5,50.7,43.6
376,Kensington and Chelsea,2011.0,12265,1665,13.6,1005,8.2,93.1,74.2,58.3,48.9,41.7
377,Kingston upon Thames,2011.0,7770,985,12.7,760,9.8,93.4,79.2,65,54.8,47.7
378,Lambeth,2011.0,11480,1945,16.9,1130,9.8,93.8,75.8,59.1,47.6,41.4
379,Lewisham,2011.0,7845,1350,17.2,865,11.0,94.1,73,56.7,48.1,42.2
380,Merton,2011.0,9355,1505,16.1,990,10.6,94.7,77.1,61.5,51.2,43.5
381,Newham,2011.0,7195,1580,22.0,840,11.7,93.7,70.9,52.5,42.7,36.4
382,Redbridge,2011.0,10475,1770,16.9,1175,11.2,94.4,74.9,58.8,49.4,41.8
383,Richmond upon Thames,2011.0,12340,1500,12.2,1270,10.3,94.7,78.3,62,53,46.3
384,Southwark,2011.0,14410,1995,13.8,1770,12.3,90.7,71.4,55.9,46.6,40.6
385,Sutton,2011.0,7240,860,11.9,700,9.7,94.8,79.1,65.7,56.4,48.8
386,Tower Hamlets,2011.0,12850,2330,18.1,1330,10.4,93.6,74.9,58.4,48.5,40.8
387,Waltham Forest,2011.0,7940,1385,17.4,975,12.3,93.1,68.6,52,43,35
388,Wandsworth,2011.0,15455,2530,16.4,1575,10.2,95.5,77.7,62.1,50.2,42.9
389,Westminster,2011.0,48240,6630,13.7,4705,9.8,85.6,68.9,54.5,45.9,39.4
390,Inner London,2011.0,220385,32555,14.8,21985,10.0,90.7,72.4,57.2,47.7,40.9
391,Outer London,2011.0,200800,28840,14.4,21340,10.6,93.8,74.9,59,49.6,42.7
392,North East,2011.0,63040,7070,11.2,6200,9.8,93.7,75.3,59.4,49.6,42.6
393,North West,2011.0,231345,25695,11.1,25305,10.9,93.1,74.6,59.6,49.5,42.6
394,Yorkshire And The Humber,2011.0,164620,17235,10.5,16470,10.0,92.1,74.2,59,49.8,43.2
395,East Midlands,2011.0,155270,16055,10.3,15025,9.7,93.3,74.9,60.2,50.8,43.9
396,West Midlands,2011.0,187065,19555,10.5,18720,10.0,93.4,76,60.8,51.4,44.4
397,East,2011.0,236605,24930,10.5,22660,9.6,93.9,77.4,62.7,52.8,45.8
398,London,2011.0,421185,61395,14.6,43325,10.3,92.1,73.6,58,48.6,41.7
399,South East,2011.0,376380,40775,10.8,35855,9.5,93.6,77.2,62.4,53,46
400,South West,2011.0,205470,19750,9.6,18805,9.2,93.8,77.4,63,53.3,47
401,England,2011.0,2040980,232460,11.4,202365,9.9,93.1,75.5,60.4,50.8,44
402,Wales,2011.0,88590,8225,9.3,8410,9.5,94.2,75.4,60.1,50.3,43.2
403,Scotland,2011.0,155655,16940,10.9,13970,9.0,93.9,77.6,62.8,53.2,45.6
404,Northern Ireland,2011.0,57370,3745,6.5,4780,8.3,90.1,73.6,59.3,51.7,46.1
405,England And Wales,2011.0,2129570,240685,11.3,210775,9.9,93.1,75.5,60.4,50.8,44
406,Great Britain,2011.0,2285225,257625,11.3,224745,9.8,93.1,75.6,60.5,51,44.1
407,United Kingdom,2011.0,2342595,261370,11.2,229525,9.8,93.1,75.6,60.5,51,44.1
408,City of London,2012.0,16765,1900,11.3,1655,9.9,75.5,62.6,52.4,45,37.9
409,Barking and Dagenham,2012.0,4580,845,18.4,560,12.2,93.5,73.4,56.2,46.7,39.6
410,Barnet,2012.0,22110,2995,13.5,3035,13.7,87.3,69.8,56.3,47.7,40.9
411,Bexley,2012.0,7390,895,12.1,870,11.8,92.7,75.4,59.2,51.4,44.1
412,Brent,2012.0,13220,1975,14.9,1545,11.7,91.6,70.4,55.4,46.6,39.2
413,Bromley,2012.0,13425,1670,12.4,1410,10.5,93.1,76.9,62.3,52.4,44.6
414,Camden,2012.0,26460,3140,11.9,2890,10.9,86.1,69.3,55.9,46.5,39.5
415,Croydon,2012.0,13020,1765,13.6,1580,12.1,93.2,73.7,58.4,46.7,39.4
416,Ealing,2012.0,15065,2225,14.8,1665,11.1,92.1,73.5,58.7,50.1,42.5
417,Enfield,2012.0,11280,1615,14.3,1430,12.7,92.0,73.7,59.1,50.8,43.7
418,Greenwich,2012.0,7665,1250,16.3,915,11.9,92.4,71.2,56.4,46.8,40
419,Hackney,2012.0,12980,2140,16.5,1345,10.4,89.5,73.8,58.6,49.1,43.5
420,Hammersmith and Fulham,2012.0,12270,1885,15.4,1330,10.8,90.2,69.2,52.5,42.2,35.5
421,Haringey,2012.0,10330,1500,14.5,1200,11.6,91.3,71.3,56.7,48,40.7
422,Harrow,2012.0,12375,1730,14.0,1505,12.2,92.8,74.6,59.8,50.9,43.4
423,Havering,2012.0,8390,1085,12.9,980,11.7,93.5,77,63.1,53.5,45.2
424,Hillingdon,2012.0,11020,1490,13.5,1265,11.5,92.6,74.5,60.1,52.3,44.3
425,Hounslow,2012.0,11505,1820,15.8,1205,10.5,90.7,74.2,58.2,49.5,43.4
426,Islington,2012.0,15310,2335,15.3,1590,10.4,89.1,69,52.9,45,38.1
427,Kensington and Chelsea,2012.0,12570,1685,13.4,1265,10.1,89.3,68.8,54,45.4,38.9
428,Kingston upon Thames,2012.0,8060,980,12.2,980,12.2,92.9,79.1,65.8,58.7,50
429,Lambeth,2012.0,14820,4255,28.7,1550,10.5,96.6,67.5,42.1,33.8,25
430,Lewisham,2012.0,8235,1415,17.2,995,12.1,93.3,75.3,59,50.2,42.4
431,Merton,2012.0,9880,1530,15.5,1190,12.0,91.8,72.2,57.2,49.7,42.5
432,Newham,2012.0,7750,1575,20.3,1085,14.0,92.1,67.9,52.1,43.5,36.8
433,Redbridge,2012.0,11240,1830,16.3,1570,14.0,90.7,70.8,56,47,39.9
434,Richmond upon Thames,2012.0,12705,1595,12.6,1275,10.0,91.8,75.9,60.8,53.6,45.8
435,Southwark,2012.0,13875,1995,14.4,1665,12.0,89.2,70.9,55.1,46.1,39.8
436,Sutton,2012.0,7480,910,12.2,835,11.2,92.9,76.9,63.2,52.2,45.1
437,Tower Hamlets,2012.0,13740,2395,17.4,1680,12.2,88.5,69.3,53.7,43,35.9
438,Waltham Forest,2012.0,8265,1385,16.8,1090,13.2,92.1,71.1,54.2,44.8,37.5
439,Wandsworth,2012.0,15800,2370,15.0,1840,11.6,91.1,74.5,57.6,47.7,39.9
440,Westminster,2012.0,49825,6915,13.9,5205,10.4,80.8,64.2,50.8,42.2,35.6
441,Inner London,2012.0,230730,35505,15.4,25295,11.0,88.0,68.7,52.7,43.7,36.7
442,Outer London,2012.0,208675,29590,14.2,24905,11.9,91.7,73.4,58.6,49.7,42.4
443,North East,2012.0,63725,7265,11.4,7035,11.0,92.2,75.6,60.4,51.2,43.6
444,North West,2012.0,232395,26535,11.4,26360,11.3,92.0,74.2,59.4,50.2,42.9
445,Yorkshire And The Humber,2012.0,165530,17680,10.7,17825,10.8,91.6,74.3,59.8,50.9,43.9
446,East Midlands,2012.0,156190,16625,10.6,16210,10.4,92.3,75,60.8,52,44.9
447,West Midlands,2012.0,187420,19650,10.5,19835,10.6,92.1,74.8,60.2,51.2,44.4
448,East,2012.0,238540,25335,10.6,24555,10.3,92.1,75.6,61.5,52.6,45.4
449,London,2012.0,439405,65095,14.8,50200,11.4,89.7,70.8,55.3,46.4,39.3
450,South East,2012.0,380620,41245,10.8,39000,10.2,91.1,74.9,61.1,52.1,44.8
451,South West,2012.0,206260,20230,9.8,20445,9.9,92.3,75.7,61.8,52.9,45.8
452,England,2012.0,2070085,239660,11.6,221465,10.7,91.2,73.8,59.2,50.3,43.1
453,Wales,2012.0,87990,8270,9.4,8950,10.2,92.3,75,60.4,51.3,44
454,Scotland,2012.0,158315,17385,11.0,16545,10.5,91.8,75.9,62,52.1,43.7
455,Northern Ireland,2012.0,56255,3935,7.0,5125,9.1,90.3,68.9,56.8,50.6,44.7
456,England And Wales,2012.0,2158385,247930,11.5,230415,10.7,91.3,73.9,59.3,50.3,43.1
457,Great Britain,2012.0,2316705,265315,11.5,246960,10.7,91.3,74,59.5,50.4,43.2
458,United Kingdom,2012.0,2372960,269250,11.3,252085,10.6,91.3,73.9,59.4,50.4,43.2
459,City of London,2013.0,17775,2300,12.9,1515,8.5,78.5,64.3,53.9,46.1,39.8
460,Barking and Dagenham,2013.0,5055,1185,23.4,595,11.8,94.9,73,58.2,46,36.7
461,Barnet,2013.0,23135,3730,16.1,2865,12.4,91.7,73.9,58.4,49.2,41.2
462,Bexley,2013.0,7830,1340,17.1,890,11.4,94.0,73.5,60.4,51.1,42.2
463,Brent,2013.0,13915,2515,18.1,1555,11.2,93.2,74.4,59.6,50.7,42.1
464,Bromley,2013.0,14065,2080,14.8,1350,9.6,95.0,78.6,65.6,55.8,46.6
465,Camden,2013.0,27530,3990,14.5,2610,9.5,89.6,73.6,59.1,49.5,41
466,Croydon,2013.0,13515,2305,17.1,1500,11.1,93.9,75.3,59.7,48.8,40.3
467,Ealing,2013.0,16310,3200,19.6,1665,10.2,94.8,75.8,61.4,50.6,41.6
468,Enfield,2013.0,12065,2270,18.8,1305,10.8,93.6,74.2,57.5,46.7,37.7
469,Greenwich,2013.0,8320,1740,20.9,925,11.1,94.3,72.7,55.7,47.4,37.1
470,Hackney,2013.0,14180,2845,20.1,1255,8.9,93.8,76.8,62,52.2,43.2
471,Hammersmith and Fulham,2013.0,12850,2290,17.8,1350,10.5,93.2,73.4,58.3,48.9,40.8
472,Haringey,2013.0,11020,2110,19.1,1175,10.7,93.8,74.4,60.2,49.5,40.3
473,Harrow,2013.0,12970,2170,16.7,1400,10.8,94.0,76.5,62.9,53.7,45.2
474,Havering,2013.0,8865,1460,16.5,940,10.6,93.8,75.3,61,50,40.8
475,Hillingdon,2013.0,11630,1925,16.6,1215,10.4,93.2,74.8,61,51.4,43.1
476,Hounslow,2013.0,12230,2210,18.1,1255,10.3,93.7,76.2,62,53.4,44.3
477,Islington,2013.0,16850,3400,20.2,1645,9.8,91.5,72.5,56.9,46.6,38.5
478,Kensington and Chelsea,2013.0,12985,2095,16.1,1230,9.5,92.8,74.5,58.9,49.6,41.8
479,Kingston upon Thames,2013.0,8130,1185,14.6,850,10.5,93.7,76.8,62.9,51.5,43.9
480,Lambeth,2013.0,17925,5115,28.5,2325,13.0,96.4,63.8,47.5,33.6,20.9
481,Lewisham,2013.0,8885,1825,20.5,975,11.0,95.1,73.4,54.8,46.3,38.6
482,Merton,2013.0,10560,1945,18.4,1145,10.8,94.6,78.4,64,51.9,42.9
483,Newham,2013.0,8540,2120,24.8,1140,13.3,92.9,70,52.6,43.9,34.9
484,Redbridge,2013.0,12085,2435,20.1,1530,12.7,94.3,74.5,60.2,49.7,40.5
485,Richmond upon Thames,2013.0,13065,1930,14.8,1210,9.3,94.8,78.8,63.7,52.8,43.5
486,Southwark,2013.0,14580,2635,18.1,1545,10.6,91.8,73.4,59.2,49.5,40.6
487,Sutton,2013.0,7805,1165,14.9,780,10.0,94.4,76,61.4,51.5,43.8
488,Tower Hamlets,2013.0,15030,3315,22.1,1710,11.4,89.6,69.8,54.9,44.6,35.6
489,Waltham Forest,2013.0,8970,1860,20.7,1110,12.4,93.3,71,57.5,47.3,37.9
490,Wandsworth,2013.0,16550,3180,19.2,1700,10.3,94.3,75.8,59.4,49.1,40.6
491,Westminster,2013.0,50915,7730,15.2,4845,9.5,85.5,68.8,55.4,46,38.6
492,Inner London,2013.0,245615,44950,18.3,25020,10.2,90.9,71.1,56.1,46.1,37.4
493,Outer London,2013.0,220520,38650,17.5,24085,10.9,93.9,75.2,60.6,50.5,41.7
494,North East,2013.0,65890,9685,14.7,6530,9.9,94.3,74.7,60.2,49.9,41.1
495,North West,2013.0,240075,35285,14.7,24195,10.1,94.1,74.4,59.7,50.8,41.9
496,Yorkshire And The Humber,2013.0,169980,23120,13.6,16585,9.8,94.2,75.2,60.8,51.9,43.4
497,East Midlands,2013.0,161105,22035,13.7,15090,9.4,94.2,75.5,61.5,51.8,42.6
498,West Midlands,2013.0,192130,25735,13.4,18450,9.6,94.2,75.3,61.2,51.6,43
499,East,2013.0,245430,32570,13.3,23275,9.5,94.2,76.8,63,53.3,44.7
500,London,2013.0,466135,83600,17.9,49105,10.5,92.3,73,58.2,48.1,39.3
501,South East,2013.0,389710,50890,13.1,36690,9.4,94.0,76.9,63.2,53.4,44.6
502,South West,2013.0,210315,25640,12.2,19090,9.1,93.8,76.8,63.2,53.9,45.6
503,England,2013.0,2140770,308565,14.4,209010,9.8,93.6,75.1,60.9,51.2,42.5
504,Wales,2013.0,89750,11320,12.6,8245,9.2,93.6,74.8,60.6,50.6,42
505,Scotland,2013.0,162230,21540,13.3,14850,9.2,94.0,76.7,62.1,51.3,41.7
506,Northern Ireland,2013.0,55780,4855,8.7,4920,8.8,86.4,67,56.6,49.4,43
507,England And Wales,2013.0,2230735,319885,14.3,217255,9.7,93.6,75.1,60.9,51.2,42.5
508,Great Britain,2013.0,2392965,341420,14.3,232105,9.7,93.6,75.2,60.9,51.2,42.4
509,United Kingdom,2013.0,2448745,346275,14.1,237025,9.7,93.5,75.1,60.9,51.2,42.4
510,City of London,2014.0,19250,2610,13.6,1640,8.5,73.0,60.5,50.8,42.7,37.7
511,Barking and Dagenham,2014.0,5690,1310,23.0,665,11.7,92.7,74.0,58.8,45.0,37.0
512,Barnet,2014.0,24555,3985,16.2,2855,11.6,88.1,70.5,57.6,46.7,39.9
513,Bexley,2014.0,8430,1455,17.3,910,10.8,93.8,78.7,65.3,51.2,41.6
514,Brent,2014.0,14680,2585,17.6,1555,10.6,93.2,74.7,59.2,48.4,41.0
515,Bromley,2014.0,14825,2190,14.8,1425,9.6,93.2,78.1,64.2,52.1,45.0
516,Camden,2014.0,29020,4375,15.1,2630,9.1,87.0,69.6,55.4,44.7,39.2
517,Croydon,2014.0,14400,2390,16.6,1530,10.6,93.3,77.4,63.2,51.0,42.1
518,Ealing,2014.0,17475,3110,17.8,1795,10.3,92.6,76.5,62.4,50.6,43.1
519,Enfield,2014.0,13015,2305,17.7,1505,11.6,90.9,72.5,56.6,44.5,38.6
520,Greenwich,2014.0,8975,1690,18.8,1020,11.4,94.4,77.2,62.7,48.5,39.6
521,Hackney,2014.0,16095,3245,20.2,1550,9.6,92.3,76.6,61.2,49.0,42.4
522,Hammersmith and Fulham,2014.0,13465,2380,17.7,1505,11.2,91.4,73.7,56.3,45.6,39.1
523,Haringey,2014.0,11875,2190,18.4,1290,10.9,93.8,75.8,60.7,47.9,41.1
524,Harrow,2014.0,14000,2390,17.1,1460,10.4,91.6,75.3,61.5,51.0,43.5
525,Havering,2014.0,9445,1485,15.7,1015,10.7,93.6,78.1,62.3,50.5,42.8
526,Hillingdon,2014.0,12485,2075,16.6,1270,10.2,93.3,77.1,62.2,48.7,40.7
527,Hounslow,2014.0,13035,2320,17.8,1275,9.8,93.1,76.5,62.7,51.3,44.4
528,Islington,2014.0,18710,3715,19.9,1985,10.6,90.0,72.5,56.5,45.5,38.2
529,Kensington and Chelsea,2014.0,13635,2165,15.9,1225,9.0,91.5,74.8,59.1,48.7,42.7
530,Kingston upon Thames,2014.0,8520,1270,14.9,820,9.6,93.3,78.3,62.2,50.8,43.7
531,Lambeth,2014.0,20900,5570,26.7,3345,16.0,96.9,74.3,58.7,25.9,20.1
532,Lewisham,2014.0,9625,1870,19.4,1140,11.8,93.3,75.9,59.9,47.9,39.8
533,Merton,2014.0,11225,1995,17.8,1210,10.8,94.0,77.7,62.7,49.6,42.9
534,Newham,2014.0,9645,2365,24.5,1240,12.9,91.3,71.7,56.2,43.1,37.0
535,Redbridge,2014.0,13160,2580,19.6,1570,11.9,93.2,74.2,59.5,47.5,41.1
536,Richmond upon Thames,2014.0,13650,1985,14.5,1240,9.1,94.2,79.3,64.0,52.6,44.3
537,Southwark,2014.0,15860,2930,18.5,1595,10.1,90.3,74.1,58.0,47.3,40.3
538,Sutton,2014.0,8155,1185,14.5,795,9.7,94.5,78.1,66.7,54.0,46.4
539,Tower Hamlets,2014.0,16545,3460,20.9,1945,11.8,92.1,73.3,56.8,45.1,37.3
540,Waltham Forest,2014.0,9875,2100,21.3,1210,12.3,92.1,75.2,59.5,47.4,40.2
541,Wandsworth,2014.0,17445,3055,17.5,1840,10.5,94.3,77.4,60.6,48.4,40.1
542,Westminster,2014.0,53160,8245,15.5,4840,9.1,83.0,66.3,53.1,43.2,38.0
543,Inner London,2014.0,265230,48175,18.2,27770,10.5,89.5,71.9,56.9,43.4,37.0
544,Outer London,2014.0,235595,40405,17.2,25125,10.7,92.6,75.8,61.4,49.3,41.9
545,North East,2014.0,68775,9650,14.0,7070,10.3,92.3,75.5,59.6,47.9,40.9
546,North West,2014.0,249460,34275,13.7,25425,10.2,92.8,75.9,60.9,48.7,41.5
547,Yorkshire And The Humber,2014.0,176555,23465,13.3,17225,9.8,92.5,76.5,62.0,49.9,43.0
548,East Midlands,2014.0,167360,22035,13.2,15780,9.4,93.3,76.1,61.6,48.9,42.1
549,West Midlands,2014.0,198760,25740,13.0,19250,9.7,92.2,76.2,61.8,50.1,43.4
550,East,2014.0,254340,32600,12.8,23865,9.4,93.1,77.4,63.0,51.6,44.5
551,London,2014.0,500825,88580,17.7,52895,10.6,90.9,73.7,58.9,46.1,39.2
552,South East,2014.0,403070,51280,12.7,36765,9.1,93.2,77.8,63.6,52.4,45.6
553,South West,2014.0,215905,25295,11.7,19370,9.0,92.9,77.0,63.4,52.4,45.9
554,England,2014.0,2235050,312920,14.0,217645,9.7,92.3,75.9,61.4,49.4,42.5
555,Wales,2014.0,92445,11345,12.3,8530,9.2,92.4,75.2,60.0,48.3,42.0
556,Scotland,2014.0,167860,21235,12.7,15615,9.3,92.4,76.1,60.4,49.0,42.3
557,Northern Ireland,2014.0,55240,4805,8.7,4400,8.0,86.0,69.6,58.2,49.8,44.6
558,England And Wales,2014.0,2327790,324265,13.9,226175,9.7,92.3,75.9,61.3,49.3,42.5
559,Great Britain,2014.0,2495650,345500,13.8,241790,9.7,92.3,75.9,61.3,49.3,42.5
560,United Kingdom,2014.0,2550890,350305,13.7,246190,9.7,92.2,75.8,61.2,49.3,42.5
561,City of London,2015.0,26130,4965,19.0,2270,8.7,75.2,60.3,35.0,28.7,
562,Barking and Dagenham,2015.0,6560,1665,25.4,765,11.7,94.9,74.2,54.4,42.0,
563,Barnet,2015.0,26190,4460,17.0,3410,13.0,81.6,63.6,50.0,42.2,
564,Bexley,2015.0,9075,1605,17.7,945,10.4,94.1,76.3,58.9,47.0,
565,Brent,2015.0,15745,2895,18.4,1800,11.4,91.0,72.2,55.6,46.8,
566,Bromley,2015.0,15695,2340,14.9,1620,10.3,92.9,76.3,60.5,51.1,
567,Camden,2015.0,31385,5445,17.3,3415,10.9,81.5,63.3,48.8,39.9,
568,Croydon,2015.0,15540,2695,17.3,1785,11.5,92.4,74.0,57.7,47.1,
569,Ealing,2015.0,18700,3420,18.3,2065,11.0,92.8,73.0,57.6,47.4,
570,Enfield,2015.0,13925,2520,18.1,1740,12.5,91.1,71.6,55.8,44.8,
571,Greenwich,2015.0,10060,2260,22.5,1200,11.9,93.6,74.8,58.4,47.8,
572,Hackney,2015.0,18510,4105,22.2,2025,10.9,89.4,69.9,53.3,44.6,
573,Hammersmith and Fulham,2015.0,14095,2560,18.2,1740,12.3,86.9,66.2,49.4,39.6,
574,Haringey,2015.0,12675,2350,18.5,1425,11.2,91.7,73.8,56.8,47.4,
575,Harrow,2015.0,15155,2605,17.2,1805,11.9,91.2,72.4,56.0,47.6,
576,Havering,2015.0,10115,1720,17.0,1085,10.7,93.3,74.1,56.1,45.9,
577,Hillingdon,2015.0,13505,2310,17.1,1450,10.7,91.1,72.9,56.1,47.4,
578,Hounslow,2015.0,13910,2525,18.2,1565,11.3,92.1,72.9,56.6,46.5,
579,Islington,2015.0,22110,5470,24.7,4090,18.5,60.5,46.8,35.4,29.5,
580,Kensington and Chelsea,2015.0,14350,2355,16.4,1455,10.1,87.0,67.3,52.2,44.8,
581,Kingston upon Thames,2015.0,8970,1370,15.3,890,9.9,90.1,71.9,56.9,47.8,
582,Lambeth,2015.0,17280,3425,19.8,2620,15.2,93.7,73.1,48.0,38.0,
583,Lewisham,2015.0,10405,2045,19.7,1290,12.4,94.6,74.8,55.7,44.7,
584,Merton,2015.0,12070,2225,18.4,1300,10.8,92.1,74.6,57.3,47.9,
585,Newham,2015.0,11055,2860,25.9,1450,13.1,93.2,72.4,54.5,45.1,
586,Redbridge,2015.0,14595,3150,21.6,1960,13.4,90.8,71.9,54.9,44.8,
587,Richmond upon Thames,2015.0,14185,2025,14.3,1370,9.7,91.6,74.8,60.7,51.6,
588,Southwark,2015.0,17120,3135,18.3,1970,11.5,88.2,70.8,54.5,45.3,
589,Sutton,2015.0,8710,1345,15.4,990,11.4,92.9,75.1,59.5,49.8,
590,Tower Hamlets,2015.0,18390,3920,21.3,2450,13.3,86.5,67.3,51.4,41.8,
591,Waltham Forest,2015.0,11020,2490,22.6,1320,12.0,93.4,73.5,55.8,46.0,
592,Wandsworth,2015.0,18695,3600,19.3,2180,11.7,92.2,70.3,52.2,41.8,
593,Westminster,2015.0,55385,9060,16.4,6305,11.4,74.7,58.4,46.6,39.8,
594,Inner London,2015.0,287585,55295,19.2,34685,12.1,82.5,64.5,48.0,39.6,
595,Outer London,2015.0,253725,45625,18.0,29065,11.5,91.2,72.6,56.4,46.6,
596,North East,2015.0,71010,9635,13.6,7710,10.9,92.0,71.6,54.7,44.7,
597,North West,2015.0,259740,36495,14.1,29380,11.3,90.7,70.8,54.6,45.2,
598,Yorkshire And The Humber,2015.0,183820,25140,13.7,19015,10.3,90.7,71.8,55.5,46.3,
599,East Midlands,2015.0,176220,25345,14.4,18280,10.4,92.2,74.4,53.3,43.8,
600,West Midlands,2015.0,207980,29350,14.1,21450,10.3,90.9,72.7,55.9,45.2,
601,East,2015.0,265375,35440,13.4,26790,10.1,91.5,73.5,58.0,48.7,
602,London,2015.0,541310,100920,18.6,63750,11.8,86.4,68.2,51.8,42.8,
603,South East,2015.0,420270,55590,13.2,42065,10.0,90.6,73.0,58.4,49.4,
604,South West,2015.0,222015,26150,11.8,21555,9.7,91.1,73.4,59.4,50.6,
605,England,2015.0,2347740,344065,14.7,249995,10.6,89.7,71.4,55.2,45.9,
606,Wales,2015.0,95010,11525,12.1,9620,10.1,90.8,71.1,55.9,46.9,
607,Scotland,2015.0,172890,21725,12.6,18260,10.6,90.1,71.3,55.6,46.1,
608,Northern Ireland,2015.0,56060,5440,9.7,4120,7.3,88.2,69.8,56.8,49.5,
609,England And Wales,2015.0,2442750,355590,14.6,259615,10.6,89.8,71.4,55.2,45.9,
610,Great Britain,2015.0,2615640,377315,14.4,277875,10.6,89.8,71.4,55.2,45.9,
611,United Kingdom,2015.0,2671700,382755,14.3,281995,10.6,89.7,71.3,55.3,46.0,
612,City of London,2016.0,30210,4850,16.1,3485,11.5,79.3,50.3,38.7,,
613,Barking and Dagenham,2016.0,7645,1775,23.2,915,12.0,94.6,71.0,53.5,,
614,Barnet,2016.0,27650,4455,16.1,3420,12.4,85.4,66.8,52.7,,
615,Bexley,2016.0,9975,1640,16.4,1020,10.2,93.0,71.0,55.5,,
616,Brent,2016.0,17005,3020,17.8,1840,10.8,91.9,69.9,54.1,,
617,Bromley,2016.0,16785,2420,14.4,1640,9.8,92.8,72.7,56.8,,
618,Camden,2016.0,34330,6050,17.6,3645,10.6,87.9,69.9,54.0,,
619,Croydon,2016.0,16855,2905,17.2,1960,11.6,92.3,69.2,53.2,,
620,Ealing,2016.0,20220,3590,17.8,2205,10.9,93.2,72.1,54.9,,
621,Enfield,2016.0,15105,2650,17.5,1840,12.2,91.7,69.2,53.8,,
622,Greenwich,2016.0,11210,2225,19.8,1230,11.0,93.0,69.9,52.6,,
623,Hackney,2016.0,21660,4670,21.6,2340,10.8,91.0,69.2,53.4,,
624,Hammersmith and Fulham,2016.0,14625,2350,16.1,1725,11.8,90.0,68.5,51.5,,
625,Haringey,2016.0,13760,2415,17.6,1500,10.9,92.1,71.0,54.7,,
626,Harrow,2016.0,16365,2710,16.6,1985,12.1,90.8,69.4,53.9,,
627,Havering,2016.0,11060,1845,16.7,1250,11.3,93.5,72.9,54.2,,
628,Hillingdon,2016.0,14745,2490,16.9,1560,10.6,92.8,70.9,53.0,,
629,Hounslow,2016.0,14930,2615,17.5,1560,10.4,91.6,71.3,56.2,,
630,Islington,2016.0,21505,3800,17.7,2645,12.3,89.2,68.0,51.2,,
631,Kensington and Chelsea,2016.0,15000,2305,15.4,1545,10.3,89.4,70.5,55.3,,
632,Kingston upon Thames,2016.0,9630,1410,14.6,1015,10.5,91.8,73.8,59.6,,
633,Lambeth,2016.0,16960,3120,18.4,2220,13.1,94.2,67.6,51.0,,
634,Lewisham,2016.0,11240,2095,18.6,1295,11.5,94.5,69.9,52.7,,
635,Merton,2016.0,12960,2160,16.7,1490,11.5,93.3,73.1,56.7,,
636,Newham,2016.0,13685,4045,29.6,1675,12.2,94.9,75.8,59.7,,
637,Redbridge,2016.0,16025,3095,19.3,2030,12.7,92.2,69.6,53.6,,
638,Richmond upon Thames,2016.0,14775,2030,13.7,1445,9.8,92.1,74.4,59.4,,
639,Southwark,2016.0,18930,3655,19.3,2070,10.9,90.6,61.4,45.0,,
640,Sutton,2016.0,9225,1385,15.0,895,9.7,94.2,73.6,59.2,,
641,Tower Hamlets,2016.0,20025,3905,19.5,2705,13.5,89.2,68.8,51.1,,
642,Waltham Forest,2016.0,12310,2465,20.0,1460,11.9,94.1,71.4,55.2,,
643,Wandsworth,2016.0,19920,3535,17.7,2400,12.0,92.4,68.7,51.6,,
644,Westminster,2016.0,58965,8455,14.3,6595,11.2,78.0,62.9,50.9,,
645,Inner London,2016.0,310815,55250,17.8,35845,11.5,88.0,66.5,51.2,,
646,Outer London,2016.0,274475,46885,17.1,30760,11.2,91.9,70.8,54.8,,
647,North East,2016.0,74115,10180,13.7,7925,10.7,92.4,71.0,54.7,,
648,North West,2016.0,276525,42030,15.2,29415,10.6,91.7,68.3,48.6,,
649,Yorkshire And The Humber,2016.0,195270,26775,13.7,19520,10.0,91.7,69.0,52.3,,
650,East Midlands,2016.0,183370,24630,13.4,18090,9.9,92.7,69.2,54.0,,
651,West Midlands,2016.0,223705,34700,15.5,21700,9.7,92.3,71.8,47.6,,
652,East,2016.0,287540,45400,15.8,27130,9.4,93.6,60.4,45.8,,
653,London,2016.0,585290,102135,17.5,66605,11.4,89.8,68.5,52.8,,
654,South East,2016.0,438315,55955,12.8,42925,9.8,91.6,72.7,57.8,,
655,South West,2016.0,234475,31775,13.6,21765,9.3,92.1,61.4,49.0,,
656,England,2016.0,2498605,373580,15.0,255075,10.2,91.6,68.0,51.5,,
657,Wales,2016.0,98445,12115,12.3,9575,9.7,91.8,70.9,54.6,,
658,Scotland,2016.0,178435,22270,12.5,18880,10.6,91.7,72.6,56.5,,
659,Northern Ireland,2016.0,58025,5935,10.2,4275,7.4,88.5,70.9,58.5,,
660,England And Wales,2016.0,2597050,385695,14.9,264650,10.2,91.6,68.0,51.6,,
661,Great Britain,2016.0,2775485,407965,14.7,283530,10.2,91.6,68.3,51.9,,
662,United Kingdom,2016.0,2833510,413900,14.6,287805,10.2,91.5,68.3,52.0,,
663,City of London,2017.0,32990,5905,17.9,7395,22.4,79.7,41.1,,,
664,Barking and Dagenham,2017.0,7980,1400,17.5,1235,15.5,92.1,71.8,,,
665,Barnet,2017.0,29845,4350,14.6,4770,16.0,80.3,62.9,,,
666,Bexley,2017.0,10300,1410,13.7,1340,13.0,91.2,72.1,,,
667,Brent,2017.0,17505,2680,15.3,2255,12.9,89.5,69.5,,,
668,Bromley,2017.0,17780,2705,15.2,2045,11.5,93.0,75.0,,,
669,Camden,2017.0,37510,5765,15.4,5480,14.6,85.1,67.7,,,
670,Croydon,2017.0,17285,2470,14.3,2330,13.5,89.0,68.8,,,
671,Ealing,2017.0,20690,3120,15.1,2490,12.0,91.0,72.3,,,
672,Enfield,2017.0,15560,2270,14.6,2285,14.7,87.4,68.3,,,
673,Greenwich,2017.0,11640,1855,15.9,1655,14.2,90.5,72.2,,,
674,Hackney,2017.0,23535,4360,18.5,3170,13.5,88.9,70.0,,,
675,Hammersmith and Fulham,2017.0,14650,2095,14.3,1930,13.2,87.1,68.7,,,
676,Haringey,2017.0,14130,2150,15.2,1950,13.8,89.5,69.3,,,
677,Harrow,2017.0,17275,2420,14.0,2310,13.4,86.2,68.0,,,
678,Havering,2017.0,11305,1535,13.6,1470,13.0,89.9,70.6,,,
679,Hillingdon,2017.0,15085,2105,14.0,1895,12.6,89.0,70.5,,,
680,Hounslow,2017.0,15195,2130,14.0,1970,13.0,89.9,70.3,,,
681,Islington,2017.0,22295,3705,16.6,2975,13.3,87.6,68.6,,,
682,Kensington and Chelsea,2017.0,15245,2090,13.7,1740,11.4,86.8,70.3,,,
683,Kingston upon Thames,2017.0,9825,1295,13.2,1135,11.6,91.8,74.9,,,
684,Lambeth,2017.0,16940,2570,15.2,2690,15.9,90.9,69.8,,,
685,Lewisham,2017.0,11605,1850,15.9,1700,14.6,91.6,71.6,,,
686,Merton,2017.0,13110,1915,14.6,1670,12.7,89.8,72.8,,,
687,Newham,2017.0,14570,2875,19.7,2035,14.0,93.2,69.8,,,
688,Redbridge,2017.0,16635,2680,16.1,2595,15.6,88.4,69.6,,,
689,Richmond upon Thames,2017.0,15105,1885,12.5,1680,11.1,90.2,73.5,,,
690,Southwark,2017.0,19370,2770,14.3,2830,14.6,87.0,68.9,,,
691,Sutton,2017.0,9570,1180,12.3,1135,11.9,91.9,74.9,,,
692,Tower Hamlets,2017.0,20545,3365,16.4,2980,14.5,88.1,69.6,,,
693,Waltham Forest,2017.0,12755,2095,16.4,1850,14.5,92.6,73.0,,,
694,Wandsworth,2017.0,20095,3040,15.1,2835,14.1,89.6,71.1,,,
695,Westminster,2017.0,59945,8260,13.8,8445,14.1,78.4,63.6,,,
696,Inner London,2017.0,323425,50800,15.7,48155,14.9,85.8,65.2,,,
697,Outer London,2017.0,284445,41500,14.6,38115,13.4,89.0,70.4,,,
698,North East,2017.0,75580,9545,12.6,9075,12.0,90.0,71.0,,,
699,North West,2017.0,297760,47465,15.9,36405,12.2,89.7,63.8,,,
700,Yorkshire And The Humber,2017.0,198065,22600,11.4,23935,12.1,89.2,71.1,,,
701,East Midlands,2017.0,190090,22565,11.9,22740,12.0,90.8,70.9,,,
702,West Midlands,2017.0,230100,30735,13.4,26280,11.4,90.3,61.8,,,
703,East,2017.0,295225,36935,12.5,37770,12.8,90.0,73.6,,,
704,London,2017.0,607870,92300,15.2,86270,14.2,87.2,67.5,,,
705,South East,2017.0,446665,51965,11.6,48295,10.8,90.1,73.3,,,
706,South West,2017.0,239150,25235,10.6,30040,12.6,87.8,71.8,,,
707,England,2017.0,2580505,339345,13.2,320810,12.4,89.1,68.9,,,
708,Wales,2017.0,102890,14120,13.7,10725,10.4,90.5,72.4,,,
709,Scotland,2017.0,181595,21565,11.9,20340,11.2,89.8,71.5,,,
710,Northern Ireland,2017.0,60610,6855,11.3,4940,8.2,87.7,72.0,,,
711,England And Wales,2017.0,2683395,353465,13.2,331535,12.4,89.1,69.1,,,
712,Great Britain,2017.0,2864990,375030,13.1,351875,12.3,89.2,69.2,,,
713,United Kingdom,2017.0,2925600,381885,13.1,356815,12.2,89.1,69.3,,,
714,City of London,2018.0,31440,5885,18.7,5650,18.0,75.6,,,,
715,Barking and Dagenham,2018.0,8100,1525,18.8,1155,14.3,93.1,,,,
716,Barnet,2018.0,29225,4335,14.8,4185,14.3,84.4,,,,
717,Bexley,2018.0,10115,1300,12.9,1245,12.3,92.7,,,,
718,Brent,2018.0,18465,3535,19.1,2180,11.8,89.4,,,,
719,Bromley,2018.0,17845,2390,13.4,1975,11.1,91.2,,,,
720,Camden,2018.0,38800,6765,17.4,4655,12.0,84.3,,,,
721,Croydon,2018.0,17380,2495,14.4,2250,12.9,90.5,,,,
722,Ealing,2018.0,20700,2955,14.3,2470,11.9,91.9,,,,
723,Enfield,2018.0,15655,2365,15.1,2155,13.8,88.6,,,,
724,Greenwich,2018.0,11670,1855,15.9,1475,12.6,91.9,,,,
725,Hackney,2018.0,24620,4570,18.6,3160,12.8,88.1,,,,
726,Hammersmith and Fulham,2018.0,14600,2185,15.0,1795,12.3,87.2,,,,
727,Haringey,2018.0,14210,2275,16.0,1770,12.5,89.6,,,,
728,Harrow,2018.0,17540,2585,14.7,2140,12.2,87.2,,,,
729,Havering,2018.0,11380,1560,13.7,1410,12.4,91.0,,,,
730,Hillingdon,2018.0,15560,2505,16.1,1830,11.8,90.9,,,,
731,Hounslow,2018.0,15030,2090,13.9,1725,11.5,91.8,,,,
732,Islington,2018.0,23365,4265,18.3,2880,12.3,87.4,,,,
733,Kensington and Chelsea,2018.0,15360,2145,14.0,1645,10.7,84.8,,,,
734,Kingston upon Thames,2018.0,10335,1725,16.7,1070,10.4,92.3,,,,
735,Lambeth,2018.0,16225,2380,14.7,2095,12.9,90.5,,,,
736,Lewisham,2018.0,11535,1820,15.8,1450,12.6,93.1,,,,
737,Merton,2018.0,12905,1735,13.4,1555,12.0,91.0,,,,
738,Newham,2018.0,15235,2975,19.5,2175,14.3,91.7,,,,
739,Redbridge,2018.0,16750,2740,16.4,2385,14.2,89.1,,,,
740,Richmond upon Thames,2018.0,15115,1810,12.0,1550,10.3,92.0,,,,
741,Southwark,2018.0,19275,2755,14.3,2430,12.6,87.1,,,,
742,Sutton,2018.0,9660,1210,12.5,1055,10.9,92.6,,,,
743,Tower Hamlets,2018.0,20795,3475,16.7,2965,14.3,86.5,,,,
744,Waltham Forest,2018.0,13560,2745,20.2,1710,12.6,91.3,,,,
745,Wandsworth,2018.0,19890,2945,14.8,2515,12.6,92.0,,,,
746,Westminster,2018.0,60520,9400,15.5,7300,12.1,76.2,,,,
747,Inner London,2018.0,325870,53840,16.5,42485,13.0,84.7,,,,
748,Outer London,2018.0,286990,43460,15.1,35520,12.4,90.1,,,,
749,North East,2018.0,75560,9440,12.5,8345,11.0,91.2,,,,
750,North West,2018.0,301145,42975,14.3,40725,13.5,88.5,,,,
751,Yorkshire And The Humber,2018.0,197660,23405,11.8,21595,10.9,90.4,,,,
752,East Midlands,2018.0,188920,22850,12.1,20570,10.9,91.1,,,,
753,West Midlands,2018.0,236225,31300,13.3,30895,13.1,90.2,,,,
754,East,2018.0,292255,35880,12.3,30925,10.6,90.4,,,,
755,London,2018.0,612860,97300,15.9,78005,12.7,87.1,,,,
756,South East,2018.0,449605,52795,11.7,44785,10.0,90.3,,,,
757,South West,2018.0,232415,24100,10.4,22050,9.5,90.0,,,,
758,England,2018.0,2586645,340045,13.1,297895,11.5,89.3,,,,
759,Wales,2018.0,105360,14045,13.3,10950,10.4,89.3,,,,
760,Scotland,2018.0,186020,20590,11.1,21965,11.8,90.9,,,,
761,Northern Ireland,2018.0,61495,5900,9.6,4855,7.9,87.3,,,,
762,England And Wales,2018.0,2692005,354090,13.2,308845,11.5,89.3,,,,
763,Great Britain,2018.0,2878025,374680,13.0,330810,11.5,89.4,,,,
764,United Kingdom,2018.0,2939520,380580,12.9,335665,11.4,89.3,,,,
